country,iso3c,year,life_expectancy,gdp_per_capita_ppp,health_expenditure,access_clean_water,infant_mortality,region,income
Afghanistan,AFG,2010,60.702,1765.53802830615,46.42438889,48.8269685242371,76.9,South Asia,Low income
Afghanistan,AFG,2000,55.005,813.550255989624,NA,27.4418560941262,110.1,South Asia,Low income
Afghanistan,AFG,2020,61.454,2561.98176058622,80.0892334,76.72225540254,55.3,South Asia,Low income
Albania,ALB,2000,74.826,3976.92608302032,65.47674561,86.3970439494077,17.9,Europe & Central Asia,Upper middle income
Albania,ALB,2010,78.414,9755.92875964596,253.98246765,91.3794796111017,9.7,Europe & Central Asia,Upper middle income
Albania,ALB,2020,77.824,14512.0376833706,396.17477417,95.0680388145809,8.1,Europe & Central Asia,Upper middle income
Algeria,DZA,2010,74.144,14201.3659906969,227.95396423,92.2959734615905,24.4,Middle East & North Africa,Upper middle income
Algeria,DZA,2000,70.576,9186.81590342899,61.85785294,89.8488285798425,34.7,Middle East & North Africa,Upper middle income
Algeria,DZA,2020,73.257,12676.5130564294,211.07276917,94.4373299704124,20.4,Middle East & North Africa,Upper middle income
American Samoa,ASM,2020,72.672,NA,NA,99.2447518116509,NA,East Asia & Pacific,High income
American Samoa,ASM,2000,71.443,NA,NA,94.9322903901615,NA,East Asia & Pacific,High income
American Samoa,ASM,2010,72.587,NA,NA,97.4690324028023,NA,East Asia & Pacific,High income
Andorra,AND,2010,84.197,43853.1712385354,3277.78515625,99.9999980744897,4.2,Europe & Central Asia,High income
Andorra,AND,2020,79.418,52095.8414004627,3282.81738281,99.9999985271439,2.7,Europe & Central Asia,High income
Andorra,AND,2000,81.863,33458.1181625074,1295.08508301,99.9999994632633,6.6,Europe & Central Asia,High income
Angola,AGO,2000,46.501,3326.77991382792,13.15998554,41.1443097881583,115,Sub-Saharan Africa,Lower middle income
Angola,AGO,2020,63.116,6450.74994625154,55.93916321,57.1677379228367,42.3,Sub-Saharan Africa,Lower middle income
Angola,AGO,2010,57.242,6607.0221970301,96.95197296,50.3768404281237,68.9,Sub-Saharan Africa,Lower middle income
Antigua and Barbuda,ATG,2000,74.819,19318.8965779721,520.12213135,NA,12.2,Latin America & Caribbean,High income
Antigua and Barbuda,ATG,2020,77.161,22370.0918693813,883.50018311,98.3649937785451,7.8,Latin America & Caribbean,High income
Antigua and Barbuda,ATG,2010,76.701,24071.0297956482,724.08880615,98.3661765475755,9.5,Latin America & Caribbean,High income
Argentina,ARG,2010,75.68,17847.6110373178,975.65991211,98.4340478989156,12.4,Latin America & Caribbean,Upper middle income
Argentina,ARG,2000,73.91,11499.9828002518,702.23309326,96.2840257442126,16.7,Latin America & Caribbean,Upper middle income
Argentina,ARG,2020,75.878,22393.3479575353,891.99621582,NA,8.7,Latin America & Caribbean,Upper middle income
Armenia,ARM,2010,73.1731707317073,7095.21267979009,291.77758789,98.138914628293,16.4,Europe & Central Asia,Upper middle income
Armenia,ARM,2000,72.8804878048781,2530.74394657194,25.6606369,95.3321795073804,27.8,Europe & Central Asia,Upper middle income
Armenia,ARM,2020,73.3756097560976,14706.3173043422,535.2723999,99.9415163996124,10.2,Europe & Central Asia,Upper middle income
Aruba,ABW,2020,75.406,28976.4635497124,NA,NA,NA,Latin America & Caribbean,High income
Aruba,ABW,2000,72.939,30245.7069739274,NA,94.4888063555081,NA,Latin America & Caribbean,High income
Aruba,ABW,2010,74.297,33729.5119105028,NA,97.3056538767395,NA,Latin America & Caribbean,High income
Australia,AUS,2020,83.2,53984.1246979075,5952.890625,99.9698176501115,3.2,East Asia & Pacific,High income
Australia,AUS,2000,79.2341463414634,26541.6653208437,1626.73388672,99.7122951850974,5.1,East Asia & Pacific,High income
Australia,AUS,2010,81.6951219512195,39372.8511038542,4947.96337891,99.8831444931569,4,East Asia & Pacific,High income
Austria,AUT,2020,81.1926829268293,58523.0337816246,5531.0234375,100,2.9,Europe & Central Asia,High income
Austria,AUT,2010,80.5804878048781,41740.1149241758,4800.79345703,100,3.6,Europe & Central Asia,High income
Austria,AUT,2000,78.1268292682927,29214.7386484813,2269.12646484,99.9999997317949,4.5,Europe & Central Asia,High income
Azerbaijan,AZE,2000,65.377,3439.14443222004,18.64016533,73.4165803447003,59.9,Europe & Central Asia,Upper middle income
Azerbaijan,AZE,2010,70.309,14930.4100337944,153.0665741,86.0078827586649,29.5,Europe & Central Asia,Upper middle income
Azerbaijan,AZE,2020,70.312,15163.5703327282,245.21949768,96.3620821780168,15.6,Europe & Central Asia,Upper middle income
"Bahamas, The",BHS,2010,73.449,29624.9512261144,1444.0065918,98.6731388684989,13.4,Latin America & Caribbean,High income
"Bahamas, The",BHS,2000,72.481,25421.6022088567,948.88244629,98.2454956108156,13.7,Latin America & Caribbean,High income
"Bahamas, The",BHS,2020,72.994,27204.625909518,1871.10473633,NA,11.8,Latin America & Caribbean,High income
Bahrain,BHR,2020,78.683,53436.0316999712,1101.79211426,99.9198990209829,6.6,Middle East & North Africa,High income
Bahrain,BHR,2000,74.673,45687.5217405647,451.50253296,99.958665400505,10.5,Middle East & North Africa,High income
Bahrain,BHR,2010,78.593,49254.5770084238,866.67224121,99.939282210744,7.1,Middle East & North Africa,High income
Bangladesh,BGD,2010,68.009,2833.69544368864,20.62105751,96.5528253694261,36.9,South Asia,Lower middle income
Bangladesh,BGD,2020,71.421,6640.58437331062,51.00624084,97.945676020447,24.9,South Asia,Lower middle income
Bangladesh,BGD,2000,62.049,1511.90500588844,8.27585602,94.8189212128758,59.8,South Asia,Lower middle income
Barbados,BRB,2000,74.58,15075.9510103336,622.47875977,98.3244234586283,13,Latin America & Caribbean,High income
Barbados,BRB,2010,75.488,18977.5426798427,1114.3729248,98.4244376480974,12.7,Latin America & Caribbean,High income
Barbados,BRB,2020,76.647,15824.49106614,1234.30041504,98.5144504186196,10.2,Latin America & Caribbean,High income
Belarus,BLR,2020,72.1385609756098,24872.3066744528,420.43655396,98.6515731688089,2.2,Europe & Central Asia,Upper middle income
Belarus,BLR,2000,68.9121951219512,5795.65223965525,57.02944183,98.3562356334077,9.9,Europe & Central Asia,Upper middle income
Belarus,BLR,2010,70.4048780487805,15339.0999026403,341.13800049,98.2992552665083,4.2,Europe & Central Asia,Upper middle income
Belgium,BEL,2010,80.1829268292683,39844.4054386496,4530.05810547,99.9999993558678,3.7,Europe & Central Asia,High income
Belgium,BEL,2000,77.7219512195122,27788.0908832256,1849.91601563,99.9999969007735,4.8,Europe & Central Asia,High income
Belgium,BEL,2020,80.6951219512195,56120.0958420466,5144.98144531,99.9999962634716,3.2,Europe & Central Asia,High income
Belize,BLZ,2020,71.58,9618.01643529994,280.52630615,98.4019559329424,11.1,Latin America & Caribbean,Upper middle income
Belize,BLZ,2010,70.875,9734.89239729241,244.02867126,93.9374803437478,15.5,Latin America & Caribbean,Upper middle income
Belize,BLZ,2000,68.911,7555.13433418162,138.99145508,87.4314870895846,19.6,Latin America & Caribbean,Upper middle income
Benin,BEN,2010,58.387,2220.32854611489,29.29358101,64.5198486890521,63.7,Sub-Saharan Africa,Lower middle income
Benin,BEN,2000,56.594,1671.35725172854,14.42371464,61.7404116172502,79.7,Sub-Saharan Africa,Lower middle income
Benin,BEN,2020,60.154,3244.58772756805,32.55360031,66.8873289474628,50.4,Sub-Saharan Africa,Lower middle income
Bermuda,BMU,2020,81.456,85146.4006275696,NA,99.9031400170636,NA,North America,High income
Bermuda,BMU,2000,78.251,54176.377748356,NA,99.9941429050383,NA,North America,High income
Bermuda,BMU,2010,79.414,72188.6928304585,NA,99.9183071650594,NA,North America,High income
Bhutan,BTN,2000,61.842,3113.045439264,30.5911293,82.3616023376971,60.1,South Asia,Lower middle income
Bhutan,BTN,2020,72.253,12475.048003428,134.13723755,98.9817176346163,20.3,South Asia,Lower middle income
Bhutan,BTN,2010,68.765,7245.77263522404,72.38789368,92.9198297625289,31.4,South Asia,Lower middle income
Bolivia,BOL,2020,62.906,8293.99121208365,248.69514465,93.0874216875902,22.2,Latin America & Caribbean,Lower middle income
Bolivia,BOL,2010,66.003,5100.52757238083,100.39356232,87.4379445833791,34.9,Latin America & Caribbean,Lower middle income
Bolivia,BOL,2000,62.057,3359.09510540566,42.89028168,80.7715746117768,59.6,Latin America & Caribbean,Lower middle income
Bosnia and Herzegovina,BIH,2000,75.292,4147.03813509401,106.5786972,97.2697023620953,8.3,Europe & Central Asia,Upper middle income
Bosnia and Herzegovina,BIH,2020,76.04,16369.9341410765,594.8225708,96.1138971196897,5.8,Europe & Central Asia,Upper middle income
Bosnia and Herzegovina,BIH,2010,76.827,9086.74853515985,406.13046265,96.6694951663687,6,Europe & Central Asia,Upper middle income
Botswana,BWA,2000,52.263,9187.36377613829,206.93144226,75.1696350758408,42.5,Sub-Saharan Africa,Upper middle income
Botswana,BWA,2010,59.137,12490.8923158262,389.55178833,83.0797687746127,50.5,Sub-Saharan Africa,Upper middle income
Botswana,BWA,2020,67.643,15292.2624704777,386.28860474,92.3385777393314,41.5,Sub-Saharan Africa,Upper middle income
Brazil,BRA,2010,73.779,14451.7158389637,906.0098877,96.5187999853069,16,Latin America & Caribbean,Upper middle income
Brazil,BRA,2020,74.506,16101.6183063466,680.76843262,99.3208587959277,12.8,Latin America & Caribbean,Upper middle income
Brazil,BRA,2000,69.584,9091.76851374523,313.92590332,93.4715252595615,29.1,Latin America & Caribbean,Upper middle income
British Virgin Islands,VGB,2010,76.289,NA,NA,99.1041095890412,13.9,Latin America & Caribbean,High income
British Virgin Islands,VGB,2000,74.753,NA,NA,95.3027397260275,14.5,Latin America & Caribbean,High income
British Virgin Islands,VGB,2020,76.894,NA,NA,99.8643835616439,12.7,Latin America & Caribbean,High income
Brunei Darussalam,BRN,2000,74.017,73086.931984444,519.05047607,99.9000162089371,8.3,East Asia & Pacific,High income
Brunei Darussalam,BRN,2020,75.114,69787.9633393605,657.90374756,99.9000472814433,8.5,East Asia & Pacific,High income
Brunei Darussalam,BRN,2010,74.82,79542.6778763874,795.97766113,99.9000278633906,8.1,East Asia & Pacific,High income
Bulgaria,BGR,2000,71.6634146341463,6422.7893292648,94.51976013,99.8130157809927,14.3,Europe & Central Asia,High income
Bulgaria,BGR,2020,73.3560975609756,27376.7783677501,856.70440674,99.1167359557668,5.4,Europe & Central Asia,High income
Bulgaria,BGR,2010,73.5121951219512,14955.9157788275,484.75228882,99.4298308695305,9.1,Europe & Central Asia,High income
Burkina Faso,BFA,2020,60.454,2380.72282781802,54.28778839,48.5409861511794,48.7,Sub-Saharan Africa,Low income
Burkina Faso,BFA,2010,56.343,1449.42216382921,32.74515533,53.4217027865086,65.7,Sub-Saharan Africa,Low income
Burkina Faso,BFA,2000,50.808,896.477481510815,7.34345675,57.5604209016516,92.4,Sub-Saharan Africa,Low income
Burundi,BDI,2010,57.088,613.649848956193,24.45114708,56.5231180583941,55,Sub-Saharan Africa,Low income
Burundi,BDI,2020,62.569,786.515830674648,26.21934319,62.2071212739845,34.5,Sub-Saharan Africa,Low income
Burundi,BDI,2000,47.617,519.115060396355,5.67927122,50.6631178584695,88.6,Sub-Saharan Africa,Low income
Cabo Verde,CPV,2010,72.507,6038.58525655665,146.0806427,83.0628768653601,23.8,Sub-Saharan Africa,Lower middle income
Cabo Verde,CPV,2020,73.818,6852.57669930355,235.4349823,89.1775739362889,12.5,Sub-Saharan Africa,Lower middle income
Cabo Verde,CPV,2000,68.117,3124.49488355024,59.54011154,79.129833821059,29.4,Sub-Saharan Africa,Lower middle income
Cambodia,KHM,2000,59.491,1255.64037842372,19.28210449,51.899880591249,86.7,East Asia & Pacific,Lower middle income
Cambodia,KHM,2020,70.059,5942.45380373929,110.01118469,76.2531074222297,22.6,East Asia & Pacific,Lower middle income
Cambodia,KHM,2010,67.311,2988.50401439457,53.58575439,65.8701567479709,37.7,East Asia & Pacific,Lower middle income
Cameroon,CMR,2020,61.674,4365.44704128392,66.17185211,68.4506973221862,45.3,Sub-Saharan Africa,Lower middle income
Cameroon,CMR,2010,56.965,2913.94292755606,50.03335571,63.1600528512177,63.9,Sub-Saharan Africa,Lower middle income
Cameroon,CMR,2000,53.338,2108.49454959751,30.438097,56.3102137004233,82.8,Sub-Saharan Africa,Lower middle income
Canada,CAN,2000,79.1668292682927,29362.0841609786,1988.15942383,99.2269903286955,5.3,North America,High income
Canada,CAN,2010,81.3221951219512,40098.2537191139,5062.48291016,99.2363491901291,5,North America,High income
Canada,CAN,2020,81.5351219512195,48590.6832121939,5649.16943359,99.221809586814,4.5,North America,High income
Cayman Islands,CYM,2020,79.23,66118.6545207023,NA,95.5733128834356,NA,Latin America & Caribbean,High income
Cayman Islands,CYM,2010,76.069,66325.4574311641,NA,95.9506134969325,NA,Latin America & Caribbean,High income
Cayman Islands,CYM,2000,74.378,NA,NA,NA,NA,Latin America & Caribbean,High income
Central African Republic,CAF,2000,46.609,639.836997022267,9.9123354,59.0104896097958,99.8,Sub-Saharan Africa,Low income
Central African Republic,CAF,2010,46.871,936.485497371468,17.01008034,47.6121816825573,88.1,Sub-Saharan Africa,Low income
Central African Republic,CAF,2020,50.596,1066.29005423151,42.634758,37.2024025511537,74.5,Sub-Saharan Africa,Low income
Chad,TCD,2010,50.107,2318.39844293894,35.26005936,44.5760294474077,82.8,Sub-Saharan Africa,Low income
Chad,TCD,2020,53.082,2185.99034173537,37.73088074,51.1953778058648,63.6,Sub-Saharan Africa,Low income
Chad,TCD,2000,47.937,1039.06955283557,10.07452297,38.6325922411663,102,Sub-Saharan Africa,Low income
Channel Islands,CHI,2000,78.8,NA,NA,NA,NA,Europe & Central Asia,High income
Channel Islands,CHI,2010,81.2,NA,NA,NA,NA,Europe & Central Asia,High income
Channel Islands,CHI,2020,80.9,NA,NA,NA,NA,Europe & Central Asia,High income
Chile,CHL,2020,79.349,25350.8635082972,1270.97814941,100,5.9,Latin America & Caribbean,High income
Chile,CHL,2000,77.128,9375.59008388337,353.25033569,95.7491208421222,9.2,Latin America & Caribbean,High income
Chile,CHL,2010,79.095,17917.8951217097,861.72436523,98.3290115514448,7.5,Latin America & Caribbean,High income
China,CHN,2020,78.019,18267.4783455827,582.95092773,95.8903136606767,5.5,East Asia & Pacific,Upper middle income
China,CHN,2000,72.288,2963.53238602023,42.80797577,78.8969610642735,30,East Asia & Pacific,Upper middle income
China,CHN,2010,75.668,9411.13821903204,188.87156677,88.7139650125555,12.5,East Asia & Pacific,Upper middle income
Colombia,COL,2020,74.757,15519.2101694656,464.9777832,97.0410236613368,12,Latin America & Caribbean,Upper middle income
Colombia,COL,2000,70.905,6775.93064418811,134.71453857,91.9600501288055,21.6,Latin America & Caribbean,Upper middle income
Colombia,COL,2010,74.876,10841.1279801312,452.44281006,94.8180493749797,16.3,Latin America & Caribbean,Upper middle income
Comoros,COM,2000,58.941,1719.0179082758,47.59433365,90.9479272603879,64.8,Sub-Saharan Africa,Lower middle income
Comoros,COM,2010,62.747,2333.32778329942,69.21523285,83.405978062016,47,Sub-Saharan Africa,Lower middle income
Comoros,COM,2020,65.756,3261.59496762747,89.67817688,NA,38.7,Sub-Saharan Africa,Lower middle income
"Congo, Dem. Rep.",COD,2010,56.411,597.088740789196,12.1423111,36.9035407166746,65.9,Sub-Saharan Africa,Low income
"Congo, Dem. Rep.",COD,2020,60.428,1136.00839556367,20.5593071,35.5002372686537,48.4,Sub-Saharan Africa,Low income
"Congo, Dem. Rep.",COD,2000,51.887,416.549337550587,17.52071953,37.5599290974999,91.2,Sub-Saharan Africa,Low income
"Congo, Rep.",COG,2010,61.731,5125.06991343643,54.56225586,65.8939089725679,41,Sub-Saharan Africa,Lower middle income
"Congo, Rep.",COG,2000,55.371,3667.42487266336,17.35089302,57.1558732950325,73.3,Sub-Saharan Africa,Lower middle income
"Congo, Rep.",COG,2020,64.391,4770.96449758365,80.09735107,73.7845109785203,30.2,Sub-Saharan Africa,Lower middle income
Costa Rica,CRI,2010,79.354,12927.5645930035,663.69165039,98.0541345560176,9,Latin America & Caribbean,Upper middle income
Costa Rica,CRI,2000,77.317,7879.47794965988,250.30950928,94.4644859668649,11.2,Latin America & Caribbean,Upper middle income
Costa Rica,CRI,2020,79.725,22099.867812715,969.89099121,99.8105365712776,8.2,Latin America & Caribbean,Upper middle income
Cote d'Ivoire,CIV,2000,51.393,3040.57593185363,33.58165741,70.6328654119712,91.4,Sub-Saharan Africa,Lower middle income
Cote d'Ivoire,CIV,2010,55.282,3360.54408826055,70.04605103,71.7379636235924,68.8,Sub-Saharan Africa,Lower middle income
Cote d'Ivoire,CIV,2020,60.14,5543.85096318939,78.97766876,72.6253447367345,50.9,Sub-Saharan Africa,Lower middle income
Croatia,HRV,2010,76.4756097560976,20143.7495528981,1126.37365723,NA,4.7,Europe & Central Asia,High income
Croatia,HRV,2020,77.5243902439024,31595.9559202678,1094.53283691,NA,4,Europe & Central Asia,High income
Croatia,HRV,2000,72.8078048780488,10672.2559989535,371.06213379,98.6494084688423,7.2,Europe & Central Asia,High income
Cuba,CUB,2000,75.922,NA,181.09315491,91.7215961948775,6.8,Latin America & Caribbean,Upper middle income
Cuba,CUB,2020,77.407,NA,1199.35327148,94.2662790670481,5.7,Latin America & Caribbean,Upper middle income
Cuba,CUB,2010,77.876,NA,608.5847168,93.080334807091,4.9,Latin America & Caribbean,Upper middle income
Curacao,CUW,2020,76.501,21797.0190062969,NA,NA,NA,Latin America & Caribbean,High income
Curacao,CUW,2000,73.283,21891.0453556692,NA,98.6852087388099,NA,Latin America & Caribbean,High income
Curacao,CUW,2010,75.117,25956.8107585616,NA,99.3102418993544,NA,Latin America & Caribbean,High income
Cyprus,CYP,2010,80.632,33505.8828125,2045.2923584,99.8271484477565,2.8,Europe & Central Asia,High income
Cyprus,CYP,2000,77.9,21291.2578125,750.51672363,99.8893890513179,5.8,Europe & Central Asia,High income
Cyprus,CYP,2020,81.23,43354,2483.06005859,99.7651721581168,2.6,Europe & Central Asia,High income
Czechia,CZE,2020,78.2268292682927,44839.4822099455,2106.28027344,99.8805882608907,2.4,Europe & Central Asia,High income
Czechia,CZE,2010,77.4243902439025,28156.9854724601,1509.44726563,99.8565979650639,2.7,Europe & Central Asia,High income
Czechia,CZE,2000,74.9682926829268,16328.7979234395,342.92108154,99.8061242632048,4.5,Europe & Central Asia,High income
Denmark,DNK,2020,81.6024390243903,62682.2899474389,6530.47509766,99.9999967060358,3.2,Europe & Central Asia,High income
Denmark,DNK,2000,76.5926829268293,28641.6990434156,2496.04711914,99.9999994057231,4.7,Europe & Central Asia,High income
Denmark,DNK,2010,79.1,43042.394637021,6171.28515625,99.9999977832783,3.5,Europe & Central Asia,High income
Djibouti,DJI,2000,56.734,NA,35.48954773,75.4481658444559,80.9,Middle East & North Africa,Lower middle income
Djibouti,DJI,2020,64.2,5527.00185229888,66.92816925,76.0499221845238,48.8,Middle East & North Africa,Lower middle income
Djibouti,DJI,2010,60.743,NA,55.7044487,75.6198067136345,64.9,Middle East & North Africa,Lower middle income
Dominica,DMA,2000,71.715,7111.41320185002,259.0213623,93.8314189861825,16.6,Latin America & Caribbean,Upper middle income
Dominica,DMA,2010,71.68,10924.0953245506,369.75668335,95.0539090454005,22.5,Latin America & Caribbean,Upper middle income
Dominica,DMA,2020,71.269,14243.7623123898,457.01919556,NA,31.4,Latin America & Caribbean,Upper middle income
Dominican Republic,DOM,2000,70.365,6639.01131864822,138.29624939,90.7924722514787,33.6,Latin America & Caribbean,Upper middle income
Dominican Republic,DOM,2010,72.039,11245.6811892201,270.03961182,94.1760683245957,30.7,Latin America & Caribbean,Upper middle income
Dominican Republic,DOM,2020,72.636,18998.3069667315,353.79364014,96.3065793359028,30.4,Latin America & Caribbean,Upper middle income
Ecuador,ECU,2010,75.188,8968.94040838943,287.00466919,89.5305233009271,16,Latin America & Caribbean,Upper middle income
Ecuador,ECU,2000,72.09,5728.25249857133,48.11405182,82.307372343955,24.1,Latin America & Caribbean,Upper middle income
Ecuador,ECU,2020,72.004,11526.8013009278,473.01956177,95.3597647097715,11.5,Latin America & Caribbean,Upper middle income
"Egypt, Arab Rep.",EGY,2000,67.332,5451.51566992118,69.37174988,98.2428696788173,39.6,Middle East & North Africa,Lower middle income
"Egypt, Arab Rep.",EGY,2010,69.078,8837.76450033703,105.07817841,98.5449648922307,25.6,Middle East & North Africa,Lower middle income
"Egypt, Arab Rep.",EGY,2020,69.79,15231.865417764,148.35269165,98.7671898041778,17.8,Middle East & North Africa,Lower middle income
El Salvador,SLV,2020,70.244,9392.68913817943,357.78799438,98.0305089627303,10.2,Latin America & Caribbean,Upper middle income
El Salvador,SLV,2010,70.909,6247.91452716829,270.69418335,89.5841918914407,15.6,Latin America & Caribbean,Upper middle income
El Salvador,SLV,2000,67.711,4422.44510574248,155.52601624,78.6360268784025,26.5,Latin America & Caribbean,Upper middle income
Equatorial Guinea,GNQ,2000,53.395,7420.39310111594,18.24036026,51.0981422023709,106.5,Sub-Saharan Africa,Upper middle income
Equatorial Guinea,GNQ,2020,62.141,13677.110587517,230.32144165,NA,54.3,Sub-Saharan Africa,Upper middle income
Equatorial Guinea,GNQ,2010,58.344,26167.8268525276,222.45153809,60.4413645239922,75.1,Sub-Saharan Africa,Upper middle income
Eritrea,ERI,2020,66.98,NA,27.66241646,NA,27.9,Sub-Saharan Africa,Low income
Eritrea,ERI,2000,56.285,1557.87580231581,14.03034782,46.8142131635351,50.8,Sub-Saharan Africa,Low income
Eritrea,ERI,2010,63.665,1599.19106106457,26.00652122,49.9773803285471,37.5,Sub-Saharan Africa,Low income
Estonia,EST,2000,70.4170731707317,9422.49706491914,209.97769165,97.3621551958531,8.8,Europe & Central Asia,High income
Estonia,EST,2010,75.4292682926829,21616.7122418461,966.19024658,99.0214415324715,3.6,Europe & Central Asia,High income
Estonia,EST,2020,78.5951219512195,40672.1340402132,1789.03417969,99.9999977228497,1.8,Europe & Central Asia,High income
Eswatini,SWZ,2020,59.862,9297.5881020884,236.25013733,71.4406737893323,47.1,Sub-Saharan Africa,Lower middle income
Eswatini,SWZ,2010,48.331,7230.86004359533,343.04284668,62.0811041747319,62,Sub-Saharan Africa,Lower middle income
Eswatini,SWZ,2000,47.627,4422.62770357704,76.93126678,53.4105715325038,73,Sub-Saharan Africa,Lower middle income
Ethiopia,ETH,2000,50.88,473.903313508447,5.28970861,18.6823027003951,92.2,Sub-Saharan Africa,Low income
Ethiopia,ETH,2010,59.709,995.65397860146,16.17102051,33.98875142441,59.3,Sub-Saharan Africa,Low income
Ethiopia,ETH,2020,65.969,2406.78938478669,28.28001595,48.6553476821695,39.6,Sub-Saharan Africa,Low income
Faroe Islands,FRO,2020,82.6439024390244,61648.5056152701,NA,100,NA,Europe & Central Asia,High income
Faroe Islands,FRO,2000,78.3829268292683,NA,NA,100,NA,Europe & Central Asia,High income
Faroe Islands,FRO,2010,80.6390243902439,39766.5911029215,NA,100,NA,Europe & Central Asia,High income
Fiji,FJI,2010,66.778,7476.10752715045,127.65603638,95.0769806101148,16.8,East Asia & Pacific,Upper middle income
Fiji,FJI,2000,66.194,5623.48028399028,74.28569794,94.817182547085,16.6,East Asia & Pacific,Upper middle income
Fiji,FJI,2020,66.924,11235.2760396525,256.25967407,95.418355401602,21.9,East Asia & Pacific,Upper middle income
Finland,FIN,2010,79.8707317073171,38950.5525874191,4251.52880859,99.9999976511244,2.4,Europe & Central Asia,High income
Finland,FIN,2020,81.9317073170732,53296.5792798852,4736.21435547,100,1.8,Europe & Central Asia,High income
Finland,FIN,2000,77.4658536585366,26777.1143421587,1726.74438477,100,3.5,Europe & Central Asia,High income
France,FRA,2000,79.0560975609756,26001.8796983416,2161.85302734,99.999998548443,4.1,Europe & Central Asia,High income
France,FRA,2020,82.1756097560976,49481.8044309655,4747.51367188,99.9999980735321,3.3,Europe & Central Asia,High income
France,FRA,2010,81.6634146341463,35911.5438581409,4592.38330078,99.9999974852696,3.1,Europe & Central Asia,High income
French Polynesia,PYF,2020,82.459,NA,NA,100,NA,East Asia & Pacific,High income
French Polynesia,PYF,2010,81.141,NA,NA,100,NA,East Asia & Pacific,High income
French Polynesia,PYF,2000,79,NA,NA,99.9998431747407,NA,East Asia & Pacific,High income
Gabon,GAB,2020,67.073,14477.1308291818,225.32466125,86.3106054147686,28.5,Sub-Saharan Africa,Upper middle income
Gabon,GAB,2000,61.81,13326.1169521318,123.05036926,80.4033637747278,50.8,Sub-Saharan Africa,Upper middle income
Gabon,GAB,2010,64.715,14014.6905491122,206.87702942,83.4613514987606,38.7,Sub-Saharan Africa,Upper middle income
"Gambia, The",GMB,2010,61.167,2266.82898238442,32.99832535,78.4736042784807,51.7,Sub-Saharan Africa,Low income
"Gambia, The",GMB,2000,56.899,1731.3384764555,74.83678436,72.1075908501495,73.2,Sub-Saharan Africa,Low income
"Gambia, The",GMB,2020,64.418,2530.80414937307,26.85589027,84.4849824727792,37.2,Sub-Saharan Africa,Low income
Georgia,GEO,2020,73.509,16791.2598654465,351.94335938,94.672099902079,8.2,Europe & Central Asia,Upper middle income
Georgia,GEO,2010,71.732,7711.80683889487,285.15029907,95.1672307839579,11.7,Europe & Central Asia,Upper middle income
Georgia,GEO,2000,70.091,3161.19582490118,52.25807953,94.5605847174906,29.4,Europe & Central Asia,Upper middle income
Germany,DEU,2010,79.9878048780488,39730.4897885271,4611.421875,99.9999998078699,3.5,Europe & Central Asia,High income
Germany,DEU,2000,77.9268292682927,27467.7824174767,2344.41088867,100,4.4,Europe & Central Asia,High income
Germany,DEU,2020,81.0414634146342,58685.872699771,5932.20019531,100,3.1,Europe & Central Asia,High income
Ghana,GHA,2010,61.297,3855.46891716757,80.57714844,75.6140589422072,45.7,Sub-Saharan Africa,Lower middle income
Ghana,GHA,2000,58.139,2315.17803047482,10.4517746,65.2185051906446,61.8,Sub-Saharan Africa,Lower middle income
Ghana,GHA,2020,64.309,6047.30111673554,97.37677765,86.3168084779609,31.4,Sub-Saharan Africa,Lower middle income
Gibraltar,GIB,2000,80.145,NA,NA,100,NA,Europe & Central Asia,High income
Gibraltar,GIB,2010,82.08,NA,NA,100,NA,Europe & Central Asia,High income
Gibraltar,GIB,2020,83.07,NA,NA,100,NA,Europe & Central Asia,High income
Greece,GRC,2010,80.3878048780488,27841.8591363591,2564.36938477,99.9185714433922,3.3,Europe & Central Asia,High income
Greece,GRC,2020,81.2878048780488,29533.087740299,1674.78417969,100,3.4,Europe & Central Asia,High income
Greece,GRC,2000,77.8878048780488,18815.8357857409,885.41052246,99.6861596905295,5.5,Europe & Central Asia,High income
Greenland,GRL,2000,66.0990243902439,29616.1597427886,NA,100,NA,Europe & Central Asia,High income
Greenland,GRL,2020,71.8507317073171,64999.4435683064,NA,100,NA,Europe & Central Asia,High income
Greenland,GRL,2010,70.0807317073171,50190.8817880429,NA,100,NA,Europe & Central Asia,High income
Grenada,GRD,2000,72.955,7305.72456197879,259.33764648,93.3076378093218,13.3,Latin America & Caribbean,Upper middle income
Grenada,GRD,2020,75.019,14361.1267154452,477.34429932,NA,17,Latin America & Caribbean,Upper middle income
Grenada,GRD,2010,74.731,10344.3839189192,374.46508789,95.6307875050065,13.9,Latin America & Caribbean,Upper middle income
Guam,GUM,2000,74.894,NA,NA,99.4,NA,East Asia & Pacific,High income
Guam,GUM,2010,76.095,NA,NA,99.646,NA,East Asia & Pacific,High income
Guam,GUM,2020,75.529,NA,NA,99.6952,NA,East Asia & Pacific,High income
Guatemala,GTM,2010,69.885,6510.09980949963,175.31318665,90.2759187313067,28.2,Latin America & Caribbean,Upper middle income
Guatemala,GTM,2020,69.971,10947.3705618969,289.21640015,93.880093537322,19.7,Latin America & Caribbean,Upper middle income
Guatemala,GTM,2000,67.102,4714.96666200848,83.61930084,86.5006228387363,40.8,Latin America & Caribbean,Upper middle income
Guinea,GIN,2020,59.35,3331.85663003801,41.1027565,68.9206309644388,66,Sub-Saharan Africa,Lower middle income
Guinea,GIN,2010,56.431,1621.69161141242,22.59741783,57.044784449947,74.4,Sub-Saharan Africa,Lower middle income
Guinea,GIN,2000,52.42,1195.80611453345,22.71722412,50.020186832808,97,Sub-Saharan Africa,Lower middle income
Guinea-Bissau,GNB,2010,56.999,1369.68917066121,31.61246872,59.1858600366544,67.8,Sub-Saharan Africa,Low income
Guinea-Bissau,GNB,2020,61.343,2310.37430731557,68.1931076,61.5396569932828,47,Sub-Saharan Africa,Low income
Guinea-Bissau,GNB,2000,50.565,1013.97349183331,13.2785511,55.2996278316054,100.3,Sub-Saharan Africa,Low income
Guyana,GUY,2010,66.204,9336.59830212594,162.70393372,91.8324234736991,33.9,Latin America & Caribbean,High income
Guyana,GUY,2000,64.075,5859.91791902933,62.37635422,88.5382896920679,41.3,Latin America & Caribbean,High income
Guyana,GUY,2020,67.751,16819.4228714695,367.11260986,95.2768850219634,26.2,Latin America & Caribbean,High income
Haiti,HTI,2010,45.577,2694.91104137315,55.73518753,62.2007893646649,78.6,Latin America & Caribbean,Lower middle income
Haiti,HTI,2020,63.773,3103.18066312462,44.4271965,66.6953102748929,43.8,Latin America & Caribbean,Lower middle income
Haiti,HTI,2000,58.175,2228.50133637731,30.35855865,56.23929167461,70.7,Latin America & Caribbean,Lower middle income
Honduras,HND,2010,69.77,3757.5464206245,165.19970703,90.5660867175185,20.2,Latin America & Caribbean,Lower middle income
Honduras,HND,2020,70.864,5384.69831983038,212.7419281,95.0204478168117,14.6,Latin America & Caribbean,Lower middle income
Honduras,HND,2000,68.302,2587.42253930427,68.48374939,85.351031542682,29.6,Latin America & Caribbean,Lower middle income
"Hong Kong SAR, China",HKG,2000,80.8731707317073,28224.5318995373,NA,98.744257245942,NA,East Asia & Pacific,High income
"Hong Kong SAR, China",HKG,2010,82.9575609756098,49197.6589927693,NA,99.5819416032907,NA,East Asia & Pacific,High income
"Hong Kong SAR, China",HKG,2020,85.4963414634146,58187.4764072535,NA,100,NA,East Asia & Pacific,High income
Hungary,HUN,2000,71.2463414634146,11869.1315889398,313.10858154,99.9645781932888,8.7,Europe & Central Asia,High income
Hungary,HUN,2020,75.419512195122,35583.5855675637,1172.83972168,99.9999999799691,3.4,Europe & Central Asia,High income
Hungary,HUN,2010,74.2073170731707,21693.4020663431,983.11083984,99.968930486175,5.1,Europe & Central Asia,High income
Iceland,ISL,2020,83.0634146341463,55796.7454667632,5692.89111328,100,2,Europe & Central Asia,High income
Iceland,ISL,2010,81.8975609756097,39768.4169599139,3614.03833008,100,2.1,Europe & Central Asia,High income
Iceland,ISL,2000,79.6536585365854,29782.8738104215,2855.57470703,100,3.2,Europe & Central Asia,High income
India,IND,2010,67.162,4206.45986002117,44.79586029,86.1508722744759,46.7,South Asia,Lower middle income
India,IND,2000,62.749,2090.85806894486,18.47883415,79.879271219411,66.3,South Asia,Lower middle income
India,IND,2020,70.156,6966.27542785911,63.83099747,92.1456047702605,28.2,South Asia,Lower middle income
Indonesia,IDN,2000,66.292,4639.03942639464,15.39148712,75.2848191583704,41.3,East Asia & Pacific,Upper middle income
Indonesia,IDN,2020,68.817,11729.3674458448,131.8225708,92.5873956949722,18.6,East Asia & Pacific,Upper middle income
Indonesia,IDN,2010,68.364,8353.45684733249,85.55950165,84.5326117527197,27.1,East Asia & Pacific,Upper middle income
"Iran, Islamic Rep.",IRN,2000,70.166,10729.358009814,79.89089203,94.1533951020254,31.5,Middle East & North Africa,Upper middle income
"Iran, Islamic Rep.",IRN,2010,74.39,17865.9413811134,424.60494995,96.029218401844,17.2,Middle East & North Africa,Upper middle income
"Iran, Islamic Rep.",IRN,2020,74.141,14110.3191444298,201.4589386,97.4494755938991,11.7,Middle East & North Africa,Upper middle income
Iraq,IRQ,2020,69.651,10573.9304750715,248.04725647,98.3599065549598,22.9,Middle East & North Africa,Upper middle income
Iraq,IRQ,2010,68.092,12186.1929623841,144.54083252,89.7476799907742,30.9,Middle East & North Africa,Upper middle income
Iraq,IRQ,2000,64.86,10627.9400727491,NA,80.8465216782676,38.4,Middle East & North Africa,Upper middle income
Ireland,IRL,2000,76.5365853658537,30209.4656208159,1564.83764648,97.2116915316311,6,Europe & Central Asia,High income
Ireland,IRL,2010,80.7439024390244,43216.9847302406,5133.45507813,96.5536018695621,3.6,Europe & Central Asia,High income
Ireland,IRL,2020,82.4560975609756,97799.9225748607,6098.26660156,96.0000577460047,3.1,Europe & Central Asia,High income
Isle of Man,IMN,2010,79.613,NA,NA,98.6560556451613,NA,Europe & Central Asia,High income
Isle of Man,IMN,2000,74.842,NA,NA,NA,NA,Europe & Central Asia,High income
Isle of Man,IMN,2020,80.591,NA,NA,99.6110080645161,NA,Europe & Central Asia,High income
Israel,ISR,2000,78.9536585365854,25783.17345746,1473.00915527,100,5.6,Middle East & North Africa,High income
Israel,ISR,2020,82.6487804878049,40955.2856179152,3616.50219727,100,2.8,Middle East & North Africa,High income
Israel,ISR,2010,81.6024390243903,29455.8218132531,2237.90795898,100,3.7,Middle East & North Africa,High income
Italy,ITA,2010,82.0365853658537,34977.9942339965,3217.68286133,99.8141842053233,3.4,Europe & Central Asia,High income
Italy,ITA,2000,79.7780487804878,27146.321184003,1524.23962402,99.5570595333996,4.7,Europe & Central Asia,High income
Italy,ITA,2020,82.1951219512195,44435.6434393527,3062.09838867,99.9170340740928,2.5,Europe & Central Asia,High income
Jamaica,JAM,2000,71.281,6463.53022417725,194.91415405,93.140042023831,18.9,Latin America & Caribbean,Upper middle income
Jamaica,JAM,2010,71.979,8080.14850837338,254.69741821,91.2383432127958,17.9,Latin America & Caribbean,Upper middle income
Jamaica,JAM,2020,71.452,8991.16205633754,323.30215454,91.0299453618372,18,Latin America & Caribbean,Upper middle income
Japan,JPN,2020,84.56,42425.6946789651,4486.63671875,99.0995295494953,1.8,East Asia & Pacific,High income
Japan,JPN,2010,82.8426829268293,35335.3735103814,4071.80200195,98.7274033203737,2.4,East Asia & Pacific,High income
Japan,JPN,2000,81.0760975609756,27287.2701912718,2751.38452148,98.5041275829008,3.3,East Asia & Pacific,High income
Jordan,JOR,2010,73.797,9416.64386806071,303.8081665,98.7953569289247,17,Middle East & North Africa,Lower middle income
Jordan,JOR,2000,71.926,5640.65728199166,151.33486938,98.5618157391789,22.9,Middle East & North Africa,Lower middle income
Jordan,JOR,2020,75.583,9579.20081317696,286.19711304,98.9605142327008,13.3,Middle East & North Africa,Lower middle income
Kazakhstan,KAZ,2000,63.793,7418.19612076858,49.093647,90.1456856906055,36,Europe & Central Asia,Upper middle income
Kazakhstan,KAZ,2010,68.257,18641.8061477073,240.6149292,93.658151284706,16.7,Europe & Central Asia,Upper middle income
Kazakhstan,KAZ,2020,71.195,29039.8229624509,329.57086182,95.434966101715,8,Europe & Central Asia,Upper middle income
Kenya,KEN,2000,56.084,1906.89794095999,21.53400993,47.5215439625049,63.8,Sub-Saharan Africa,Lower middle income
Kenya,KEN,2010,60.915,2634.89271323826,58.8164711,54.6774682238522,41.4,Sub-Saharan Africa,Lower middle income
Kenya,KEN,2020,61.596,4792.57315847182,86.59217834,61.5318675559739,36.9,Sub-Saharan Africa,Lower middle income
Kiribati,KIR,2020,65.205,2710.90622817554,239.24353027,74.3094772830817,41.9,East Asia & Pacific,Lower middle income
Kiribati,KIR,2010,65.859,1724.46710150819,133.15927124,68.1872255114254,42.1,East Asia & Pacific,Lower middle income
Kiribati,KIR,2000,64.674,1637.93601427336,65.61151886,60.893231266574,49.1,East Asia & Pacific,Lower middle income
"Korea, Dem. People's Rep.",PRK,2000,60.911,NA,NA,99.3029424138404,59.4,East Asia & Pacific,Low income
"Korea, Dem. People's Rep.",PRK,2010,70.246,NA,NA,97.0141879545271,22.9,East Asia & Pacific,Low income
"Korea, Dem. People's Rep.",PRK,2020,72.783,NA,NA,93.8438458039225,14.1,East Asia & Pacific,Low income
"Korea, Rep.",KOR,2000,75.909756097561,18538.8355325592,475.2520752,NA,5.8,East Asia & Pacific,High income
"Korea, Rep.",KOR,2010,80.1170731707317,31736.6284370925,1413.15209961,99.0287472325009,3.3,East Asia & Pacific,High income
"Korea, Rep.",KOR,2020,83.4268292682927,45142.7634505403,2649.33422852,99.8476930598844,2.5,East Asia & Pacific,High income
Kosovo,XKX,2020,74.212,10532.5054692849,NA,NA,9.6,Europe & Central Asia,Upper middle income
Kosovo,XKX,2000,71.321,NA,NA,NA,43.4,Europe & Central Asia,Upper middle income
Kosovo,XKX,2010,74.609,7179.22277933687,NA,NA,18.3,Europe & Central Asia,Upper middle income
Kuwait,KWT,2020,78.7609756097561,41461.7235103219,1523.4276123,100,7.7,Middle East & North Africa,High income
Kuwait,KWT,2010,77.7262195121951,75184.0866636559,1050.41589355,100,9.1,Middle East & North Africa,High income
Kuwait,KWT,2000,76.2258780487805,58702.8673247959,425.20968628,100,10.6,Middle East & North Africa,High income
Kyrgyz Republic,KGZ,2000,68.5585365853659,1861.86559711699,12.0349474,80.1783460675784,44,Europe & Central Asia,Lower middle income
Kyrgyz Republic,KGZ,2010,69.3,3075.61554332455,60.67642975,85.3389954123315,25.7,Europe & Central Asia,Lower middle income
Kyrgyz Republic,KGZ,2020,71.8,5178.5619670404,61.40720367,90.7146537383369,15.6,Europe & Central Asia,Lower middle income
Lao PDR,LAO,2010,63.69,3772.26605172404,34.52460861,67.8600517437763,58.7,East Asia & Pacific,Lower middle income
Lao PDR,LAO,2000,58.317,1793.88582607334,14.10313892,46.143848205213,86.8,East Asia & Pacific,Lower middle income
Lao PDR,LAO,2020,68.339,7913.38660650276,51.96581268,85.2197393366705,39,East Asia & Pacific,Lower middle income
Latvia,LVA,2020,75.1853658536585,32741.4207691987,1313.35412598,98.7902639963924,3.2,Europe & Central Asia,High income
Latvia,LVA,2000,70.3146341463415,7840.88147857358,181.57072449,97.8027224566011,11.6,Europe & Central Asia,High income
Latvia,LVA,2010,73.4829268292683,17343.4658666613,689.07720947,98.266358440359,6.5,Europe & Central Asia,High income
Lebanon,LBN,2000,73.895,7937.95653006732,425.70095825,84.405966418836,17.6,Middle East & North Africa,Lower middle income
Lebanon,LBN,2020,76.299,16259.7051312281,518.296875,92.6,13.5,Middle East & North Africa,Lower middle income
Lebanon,LBN,2010,77.529,14703.6153215084,567.25506592,88.8105783454674,11.1,Middle East & North Africa,Lower middle income
Lesotho,LSO,2020,55.133,2559.09776834929,97.32032776,73.2889187141576,61.2,Sub-Saharan Africa,Lower middle income
Lesotho,LSO,2010,46.045,2152.91528289768,88.61594391,69.3885918469781,76.1,Sub-Saharan Africa,Lower middle income
Lesotho,LSO,2000,48.783,1272.924433991,23.71122551,65.636611158019,78,Sub-Saharan Africa,Lower middle income
Liberia,LBR,2010,59.358,980.1181397741,50.15371704,69.3866631860321,70.8,Sub-Saharan Africa,Low income
Liberia,LBR,2000,51.852,965.395523330548,8.48562813,62.1141167174672,123.9,Sub-Saharan Africa,Low income
Liberia,LBR,2020,61.267,1659.52109145991,76.11009979,74.6521483206642,56.8,Sub-Saharan Africa,Low income
Libya,LBY,2010,72.196,30234.0918728805,380.58596802,92.9317674261222,13,Middle East & North Africa,Upper middle income
Libya,LBY,2020,72.388,10954.799045265,472.62240601,99.8915237987819,9,Middle East & North Africa,Upper middle income
Libya,LBY,2000,70.542,20616.9848683599,247.1134491,84.2320719602978,21.5,Middle East & North Africa,Upper middle income
Liechtenstein,LIE,2010,81.8414634146342,NA,NA,100,NA,Europe & Central Asia,High income
Liechtenstein,LIE,2000,76.8268292682927,NA,NA,100,NA,Europe & Central Asia,High income
Liechtenstein,LIE,2020,81.6585365853659,NA,NA,100,NA,Europe & Central Asia,High income
Lithuania,LTU,2010,73.2682926829268,19827.948684184,805.2244873,94.2487448779998,4.9,Europe & Central Asia,High income
Lithuania,LTU,2000,72.0195121951219,8465.94329594005,217.1761322,89.6695663284182,8.6,Europe & Central Asia,High income
Lithuania,LTU,2020,75.0292682926829,41262.7276941725,1520.39221191,98.0133504964109,3.1,Europe & Central Asia,High income
Luxembourg,LUX,2000,77.8731707317073,55124.2922512694,2901.19995117,99.9999996217072,3.9,Europe & Central Asia,High income
Luxembourg,LUX,2020,82.1439024390244,122066.739147202,6785.86230469,99.8799371174608,2.1,Europe & Central Asia,High income
Luxembourg,LUX,2010,80.6317073170732,90346.0688268008,7459.83544922,100,2.4,Europe & Central Asia,High income
"Macao SAR, China",MAC,2020,84.1292682926829,57220.817061871,NA,100,NA,East Asia & Pacific,High income
"Macao SAR, China",MAC,2010,82.2731707317073,99831.766339042,NA,100,NA,East Asia & Pacific,High income
"Macao SAR, China",MAC,2000,80.1829268292683,34692.5186472122,NA,100,NA,East Asia & Pacific,High income
Madagascar,MDG,2020,62.706,1490.32312837866,16.78295326,51.9400233315503,44.7,Sub-Saharan Africa,Low income
Madagascar,MDG,2000,57.974,1235.78733941908,11.1882658,36.9481213461385,65.5,Sub-Saharan Africa,Low income
Madagascar,MDG,2010,62.597,1463.87646786391,21.13975906,44.1727775368766,46.2,Sub-Saharan Africa,Low income
Malawi,MWI,2020,65.216,1513.45990803344,43.22896194,70.2704690844752,32.3,Sub-Saharan Africa,Low income
Malawi,MWI,2000,46.17,974.310137499677,8.84964848,53.8551503867891,100.2,Sub-Saharan Africa,Low income
Malawi,MWI,2010,57.787,1457.60568309596,33.99176025,62.127463511403,53.6,Sub-Saharan Africa,Low income
Malaysia,MYS,2010,75.376,20193.4092945433,285.64263916,97.0177484525087,6.5,East Asia & Pacific,Upper middle income
Malaysia,MYS,2000,72.732,13027.2733386657,111.8384552,96.8785596404147,7.7,East Asia & Pacific,Upper middle income
Malaysia,MYS,2020,76.057,27474.7361378236,406.52005005,97.0999105708665,6.7,East Asia & Pacific,Upper middle income
Maldives,MDV,2020,78.713,13425.3674459601,845.82440186,99.5444450641446,6,South Asia,Upper middle income
Maldives,MDV,2010,76.756,12797.3279369096,608.87176514,97.2681796910021,11.9,South Asia,Upper middle income
Maldives,MDV,2000,70.892,8526.28985996399,219.8586731,93.8161752422714,33.5,South Asia,Upper middle income
Mali,MLI,2000,50.605,1194.67503437542,14.00467396,49.8731925730894,102.8,Sub-Saharan Africa,Low income
Mali,MLI,2010,55.993,1997.68294373356,31.36423492,65.6178904393184,77.3,Sub-Saharan Africa,Low income
Mali,MLI,2020,58.858,2723.70094784441,28.20211601,80.7471863901878,62.1,Sub-Saharan Africa,Low income
Malta,MLT,2010,81.3975609756098,28912.3673064801,1733.66882324,100,6,Middle East & North Africa,High income
Malta,MLT,2020,82.0975609756098,49987.8929839855,3135.40527344,100,5.2,Middle East & North Africa,High income
Malta,MLT,2000,78.3487804878049,18210.6063335874,647.10150146,99.999999495466,6.7,Middle East & North Africa,High income
Marshall Islands,MHL,2020,65.387,6136.97119702131,687.02435303,85.4947213556817,25.8,East Asia & Pacific,Upper middle income
Marshall Islands,MHL,2000,63.323,2489.96943780806,306.73342896,NA,33.7,East Asia & Pacific,Upper middle income
Marshall Islands,MHL,2010,64.498,3473.40469896159,548.59899902,87.8931921119103,32,East Asia & Pacific,Upper middle income
Mauritania,MRT,2000,61.044,2303.66639707769,23.00290108,41.6727136260492,67.6,Sub-Saharan Africa,Lower middle income
Mauritania,MRT,2010,65.661,3177.84436561165,43.759655,57.0181227515306,42.4,Sub-Saharan Africa,Lower middle income
Mauritania,MRT,2020,66.794,5740.73959690129,53.89974594,74.2967211205179,33.8,Sub-Saharan Africa,Lower middle income
Mauritius,MUS,2020,74.1770731707317,21326.224396378,541.95184326,99.9958002416707,14.1,Sub-Saharan Africa,Upper middle income
Mauritius,MUS,2010,72.9673170731707,15913.9099205525,357.17382813,99.6524315945965,13,Sub-Saharan Africa,Upper middle income
Mauritius,MUS,2000,71.6634146341463,9139.70367062111,115.89820862,99.3163374767888,16.6,Sub-Saharan Africa,Upper middle income
Mexico,MEX,2000,72.562,11704.3811052518,319.34719849,90.6043820368074,23.7,Latin America & Caribbean,Upper middle income
Mexico,MEX,2020,70.449,19354.1248722314,535.11669922,99.3687045328802,11.8,Latin America & Caribbean,Upper middle income
Mexico,MEX,2010,73.718,15908.8603191799,534.08520508,95.7953211176627,16.2,Latin America & Caribbean,Upper middle income
"Micronesia, Fed. Sts.",FSM,2010,64.892,3125.91252899737,581.45568848,90.4800501049916,30.3,East Asia & Pacific,Lower middle income
"Micronesia, Fed. Sts.",FSM,2020,65.878,3682.39299463483,402.98059082,90.1142911078532,22.9,East Asia & Pacific,Lower middle income
"Micronesia, Fed. Sts.",FSM,2000,64.317,2383.85064965382,161.47862244,91.0896484335557,33.4,East Asia & Pacific,Lower middle income
Moldova,MDA,2010,69.876,6323.06287905206,198.28894043,86.807397646256,15.3,Europe & Central Asia,Upper middle income
Moldova,MDA,2000,67.462,3044.67050577354,21.37988663,82.9191762020796,27.9,Europe & Central Asia,Upper middle income
Moldova,MDA,2020,69.914,13527.4413130967,306.64892578,91.1372487012655,13.7,Europe & Central Asia,Upper middle income
Monaco,MCO,2000,82.121,NA,2968.43188477,100,4.2,Europe & Central Asia,High income
Monaco,MCO,2020,86.089,NA,7579.64404297,100,2.5,Europe & Central Asia,High income
Monaco,MCO,2010,84.644,NA,8016.66992188,100,3.3,Europe & Central Asia,High income
Mongolia,MNG,2000,63.2104878048781,3739.69666851051,28.13583946,62.4953614169164,47.4,East Asia & Pacific,Upper middle income
Mongolia,MNG,2010,68.5056097560976,7531.62557442648,99.50933838,75.1827087064584,20.8,East Asia & Pacific,Upper middle income
Mongolia,MNG,2020,71.3490243902439,13693.179806943,188.77464294,82.1241197629958,12.2,East Asia & Pacific,Upper middle income
Montenegro,MNE,2010,75.990243902439,13633.6988304649,NA,96.1640949733071,5.7,Europe & Central Asia,Upper middle income
Montenegro,MNE,2020,75.9317073170732,20827.4892978607,896.24884033,98.8569123690641,2.5,Europe & Central Asia,Upper middle income
Montenegro,MNE,2000,73.3968048780488,6002.5764111389,NA,NA,12.7,Europe & Central Asia,Upper middle income
Morocco,MAR,2000,66.794,3930.22314453125,54.63968277,64.7959021092167,45.2,Middle East & North Africa,Lower middle income
Morocco,MAR,2010,70.821,6848.66748046875,168.36595154,74.9321261036749,28.2,Middle East & North Africa,Lower middle income
Morocco,MAR,2020,73.133,7704.84912109375,185.45245361,85.9187628261055,17.3,Middle East & North Africa,Lower middle income
Mozambique,MOZ,2010,55.04,1000.2411486648,26.26061249,39.0283491613439,63.5,Sub-Saharan Africa,Low income
Mozambique,MOZ,2000,49.476,471.967329761791,7.00877714,22.7135095802514,106.1,Sub-Saharan Africa,Low income
Mozambique,MOZ,2020,61.39,1411.62040229911,34.87546539,59.7601108598003,49.1,Sub-Saharan Africa,Low income
Myanmar,MMR,2020,66.612,5740.99045843992,66.02284241,80.7287633167077,37.6,East Asia & Pacific,Lower middle income
Myanmar,MMR,2000,60.357,948.748285178047,4.47214985,47.7268532369647,73.9,East Asia & Pacific,Lower middle income
Myanmar,MMR,2010,63.479,3348.12889497049,20.23270416,63.2478211567168,54.2,East Asia & Pacific,Lower middle income
Namibia,NAM,2010,56.093,8538.19995395948,519.55053711,80.8850164351902,42.7,Sub-Saharan Africa,Upper middle income
Namibia,NAM,2000,52.946,5128.61433644621,200.10691833,75.9628102006405,45.9,Sub-Saharan Africa,Upper middle income
Namibia,NAM,2020,64.071,9354.13136713077,344.69924927,85.2751917542767,43.1,Sub-Saharan Africa,Upper middle income
Nauru,NRU,2020,61.527,10941.6636727977,1270.52563477,NA,10.3,East Asia & Pacific,High income
Nauru,NRU,2000,59.574,5920.35267953774,463.77734375,98.0817937576702,37.5,East Asia & Pacific,High income
Nauru,NRU,2010,60.074,5667.93968133576,626.21124268,97.3628354174268,24.4,East Asia & Pacific,High income
Nepal,NPL,2010,66.772,2139.22749384013,29.62231827,85.5911073264404,40.2,South Asia,Lower middle income
Nepal,NPL,2020,69.106,4235.57462326905,59.07941437,90.7685835327375,26.1,South Asia,Lower middle income
Nepal,NPL,2000,62.642,1316.82940913774,8.34249592,79.6697888529143,61.8,South Asia,Lower middle income
Netherlands,NLD,2010,80.7024390243902,45306.3078054895,5191.69384766,99.9999996591429,3.8,Europe & Central Asia,High income
Netherlands,NLD,2000,77.9878048780488,31887.8534610687,2028.18139648,99.999996990304,5.1,Europe & Central Asia,High income
Netherlands,NLD,2020,81.3585365853659,62596.6302027524,5865.90527344,100,3.5,Europe & Central Asia,High income
New Caledonia,NCL,2020,77.049,NA,NA,99.3053205721716,NA,East Asia & Pacific,High income
New Caledonia,NCL,2010,75.992,NA,NA,96.9717964121929,NA,East Asia & Pacific,High income
New Caledonia,NCL,2000,73.574,NA,NA,95.10497708421,NA,East Asia & Pacific,High income
New Zealand,NZL,2000,78.6365853658537,21500.629289809895,1054.28100586,99.9999997720245,6,East Asia & Pacific,High income
New Zealand,NZL,2010,80.9048780487805,31292.9527570392,3232.71362305,99.9999988878029,5.2,East Asia & Pacific,High income
New Zealand,NZL,2020,82.2560975609756,45354.1561628727,4214.57177734,100,4.2,East Asia & Pacific,High income
Nicaragua,NIC,2020,70.766,6274.09456741388,165.88038635,81.7087539746033,11.6,Latin America & Caribbean,Lower middle income
Nicaragua,NIC,2010,71.761,4042.22071276517,117.70147705,81.048950444765,18.5,Latin America & Caribbean,Lower middle income
Nicaragua,NIC,2000,66.36,2806.25937937345,53.29532623,80.6461725738748,30.8,Latin America & Caribbean,Lower middle income
Niger,NER,2000,49.172,764.28188514316,9.10514259,37.4862898335816,107.7,Sub-Saharan Africa,Low income
Niger,NER,2010,57.08,1057.51100257385,23.7641449,43.5597544905099,70.9,Sub-Saharan Africa,Low income
Niger,NER,2020,59.89,1496.83350023022,35.75509644,47.7205800435476,69.4,Sub-Saharan Africa,Low income
Nigeria,NGA,2000,47.143,2229.06577778458,17.15887642,44.4422771880572,97.1,Sub-Saharan Africa,Lower middle income
Nigeria,NGA,2020,53.072,5353.70554899388,67.91384888,76.361790269796,64.7,Sub-Saharan Africa,Lower middle income
Nigeria,NGA,2010,51.315,4474.60705075023,73.008255,60.048448967519,74,Sub-Saharan Africa,Lower middle income
North Macedonia,MKD,2020,74.3951219512195,19962.1686066623,510.81011963,97.7824419960381,5.2,Europe & Central Asia,Upper middle income
North Macedonia,MKD,2010,74.9975609756098,11993.5315145202,308.09429932,97.2371451233877,9.2,Europe & Central Asia,Upper middle income
North Macedonia,MKD,2000,72.9463414634147,6152.5882611831,162.68013,96.8854893538115,14.2,Europe & Central Asia,Upper middle income
Northern Mariana Islands,MNP,2000,74.9,NA,NA,96.8436215951858,NA,East Asia & Pacific,High income
Northern Mariana Islands,MNP,2010,77.8,NA,NA,98.9346627907178,NA,East Asia & Pacific,High income
Northern Mariana Islands,MNP,2020,78.03,NA,NA,100,NA,East Asia & Pacific,High income
Norway,NOR,2000,78.6341463414634,36986.4941984639,2948.93164063,100,3.9,Europe & Central Asia,High income
Norway,NOR,2020,83.209756097561,67110.6045705502,7824.57714844,100,1.9,Europe & Central Asia,High income
Norway,NOR,2010,80.9975609756098,58219.6143463523,7859.51611328,100,2.7,Europe & Central Asia,High income
Oman,OMN,2000,73.643,39443.2607398257,261.88265991,85.6380751384865,13.3,Middle East & North Africa,High income
Oman,OMN,2020,77.763,35163.3281781415,859.24969482,92.1680313333192,8.6,Middle East & North Africa,High income
Oman,OMN,2010,77.184,55667.4687778644,583.57073975,87.8404476591595,9.5,Middle East & North Africa,High income
Pakistan,PAK,2010,64.378,3785.70113530595,23.62846184,88.8047528450212,73.2,South Asia,Lower middle income
Pakistan,PAK,2000,61.903,2565.19958815141,15.36755657,87.3640207649067,89.1,South Asia,Lower middle income
Pakistan,PAK,2020,65.701,5048.0213062963,36.9091301,90.3373369493084,55.1,South Asia,Lower middle income
Palau,PLW,2000,64.499,10191.707082549,675.54473877,99.3564770331005,22.3,East Asia & Pacific,High income
Palau,PLW,2020,68.689,17367.2676432665,1934.02905273,99.5582727416003,19.9,East Asia & Pacific,High income
Palau,PLW,2010,68.347,13448.9332812883,1093.30786133,99.4695705930484,16.6,East Asia & Pacific,High income
Panama,PAN,2010,76.417,15572.5787194419,607.42242432,92.0012444820873,14.7,Latin America & Caribbean,High income
Panama,PAN,2020,76.33,27017.0033688951,1358.4498291,94.3957926093894,12.2,Latin America & Caribbean,High income
Panama,PAN,2000,73.443,8097.2957828739,300.66052246,89.5552977125429,20.3,Latin America & Caribbean,High income
Papua New Guinea,PNG,2010,63.056,2911.8920318969,39.3453064,37.8802570165898,45.9,East Asia & Pacific,Lower middle income
Papua New Guinea,PNG,2000,61.609,2195.95783293206,18.84121323,31.7545561183875,56,East Asia & Pacific,Lower middle income
Papua New Guinea,PNG,2020,65.075,3899.57719236851,55.92817688,48.1070226075146,35.1,East Asia & Pacific,Lower middle income
Paraguay,PRY,2010,72.551,10893.3149199543,258.43127441,89.9037202338302,22.7,Latin America & Caribbean,Upper middle income
Paraguay,PRY,2020,72.72,14308.8787738328,411.81765747,99.5934707827491,16.7,Latin America & Caribbean,Upper middle income
Paraguay,PRY,2000,70.026,6937.17671975792,104.49077606,76.2362190151531,28.7,Latin America & Caribbean,Upper middle income
Peru,PER,2010,72.886,9713.35863309362,241.43280029,87.3922024813053,16.8,Latin America & Caribbean,Upper middle income
Peru,PER,2000,69.821,5011.94540719164,83.63842773,80.1488865847973,29.9,Latin America & Caribbean,Upper middle income
Peru,PER,2020,73.832,12563.3038060893,399.59625244,93.6079681449903,14.1,Latin America & Caribbean,Upper middle income
Philippines,PHL,2000,67.789,3365.55833537799,32.10300446,85.9786535058569,27.3,East Asia & Pacific,Lower middle income
Philippines,PHL,2020,70.097,8238.36802037457,166.61218262,94.0512327503984,22.8,East Asia & Pacific,Lower middle income
Philippines,PHL,2010,68.883,5489.23543457601,89.35166931,89.8807890071793,23.1,East Asia & Pacific,Lower middle income
Poland,POL,2010,76.2463414634146,20993.2495602577,809.19940186,98.4269374145649,5.1,Europe & Central Asia,High income
Poland,POL,2020,76.4,37089.3004256812,1025.98486328,91.0888058086284,3.8,Europe & Central Asia,High income
Poland,POL,2000,73.7487804878049,10718.9105404255,238.00448608,NA,8.1,Europe & Central Asia,High income
Portugal,PRT,2000,76.3146341463415,18879.0582089447,995.34210205,99.2296653665282,5.5,Europe & Central Asia,High income
Portugal,PRT,2010,79.0268292682927,27295.1035561802,2259.30371094,99.1627671316977,3,Europe & Central Asia,High income
Portugal,PRT,2020,81.3292682926829,35966.712796561,2346.33081055,99.2320673881807,2.7,Europe & Central Asia,High income
Qatar,QAT,2000,75.25,88848.6270265346,553.08605957,99.9029247892536,10.4,Middle East & North Africa,High income
Qatar,QAT,2010,79.444,151646.217415364,1309.79272461,99.915217268179,7.5,Middle East & North Africa,High income
Qatar,QAT,2020,80.409,82149.3573751713,1967.15197754,99.9766796628058,5.2,Middle East & North Africa,High income
Romania,ROU,2000,71.1634146341463,5848.84098627644,69.89345551,100,18.1,Europe & Central Asia,High income
Romania,ROU,2010,73.4585365853659,17356.6588564889,472.20751953,99.9999996926513,10.5,Europe & Central Asia,High income
Romania,ROU,2020,74.2536585365854,34386.1207230181,809.58880615,100,5.4,Europe & Central Asia,High income
Russian Federation,RUS,2000,65.4836585365854,6825.3916015625,95.20859528,95.346969033031,15.6,Europe & Central Asia,High income
Russian Federation,RUS,2020,71.3387804878049,31490.8046875,814.94451904,96.8807180454075,4.4,Europe & Central Asia,High income
Russian Federation,RUS,2010,68.8412195121951,20490.126953125,564.30065918,96.055478248914,8.3,Europe & Central Asia,High income
Rwanda,RWA,2020,66.953,2284.89889795328,58.29339218,63.4259387180091,31.5,Sub-Saharan Africa,Low income
Rwanda,RWA,2010,62.804,1314.13559494324,47.96915817,53.812311723031,42.2,Sub-Saharan Africa,Low income
Rwanda,RWA,2000,47.798,609.265855545553,9.00399399,44.4877400812649,107.9,Sub-Saharan Africa,Low income
Samoa,WSM,2010,71.451,5229.04191199124,185.43850708,88.5713883126493,15.3,East Asia & Pacific,Lower middle income
Samoa,WSM,2000,70.791,3061.84986676721,60.4606514,87.0628271690696,16.4,East Asia & Pacific,Lower middle income
Samoa,WSM,2020,70.727,6450.76538373229,256.74545288,97.3966472856546,13.8,East Asia & Pacific,Lower middle income
San Marino,SMR,2000,80.504,53713.4483344714,2176.20825195,100,5,Europe & Central Asia,High income
San Marino,SMR,2020,82.65,55206.5812324405,3758.609375,100,1.5,Europe & Central Asia,High income
San Marino,SMR,2010,83.464,58926.1403701298,3813.88354492,100,2.5,Europe & Central Asia,High income
Sao Tome and Principe,STP,2000,61.207,1830.36629942706,49.63587952,68.7559974594775,50.7,Sub-Saharan Africa,Lower middle income
Sao Tome and Principe,STP,2020,67.979,5144.53560286014,159.84396362,77.317357139711,10.7,Sub-Saharan Africa,Lower middle income
Sao Tome and Principe,STP,2010,63.867,2858.56899092769,60.94829941,73.8007821200292,23.2,Sub-Saharan Africa,Lower middle income
Saudi Arabia,SAU,2000,72.607,48643.5914969922,493.36984253,NA,19.9,Middle East & North Africa,High income
Saudi Arabia,SAU,2010,75.616,58828.7075224838,765.91680908,NA,10.4,Middle East & North Africa,High income
Saudi Arabia,SAU,2020,77.596,47518.4877485153,1574.70068359,98.6568008588509,5.5,Middle East & North Africa,High income
Senegal,SEN,2020,67.496,3752.91947490817,75.16521454,83.8869032487823,33.9,Sub-Saharan Africa,Lower middle income
Senegal,SEN,2000,57.615,1963.27509878739,21.41570663,59.7555406350506,73.8,Sub-Saharan Africa,Lower middle income
Senegal,SEN,2010,64.221,2662.50486626479,51.38805008,71.8300877317255,41.5,Sub-Saharan Africa,Lower middle income
Serbia,SRB,2000,71.5829268292683,6414.34095933836,56.47927475,89.3067886279812,10.9,Europe & Central Asia,Upper middle income
Serbia,SRB,2010,74.3365853658537,13321.5066928033,545.33380127,91.4981190223907,6.6,Europe & Central Asia,Upper middle income
Serbia,SRB,2020,74.4780487804878,21013.0399401927,670.19439697,95.2955251429795,4.7,Europe & Central Asia,Upper middle income
Seychelles,SYC,2020,77.2365853658537,31055.9442055039,693.1987915,96.4188435589863,13.6,Sub-Saharan Africa,High income
Seychelles,SYC,2000,72.7780487804878,14637.9590709133,340.23703003,93.9099648774143,11.8,Sub-Saharan Africa,High income
Seychelles,SYC,2010,73.1975609756098,18981.6586503443,546.56799316,95.1644042182003,12.6,Sub-Saharan Africa,High income
Sierra Leone,SLE,2000,44.834,1242.07431827801,17.80823517,41.0842285669832,123.4,Sub-Saharan Africa,Low income
Sierra Leone,SLE,2010,51.927,1900.38515206703,37.81203461,51.647977765691,90.8,Sub-Saharan Africa,Low income
Sierra Leone,SLE,2020,59.694,2721.34184517493,47.886161800000004,63.0675633656408,61.9,Sub-Saharan Africa,Low income
Singapore,SGP,2000,77.9512195121951,43781.2691496809,796.03100586,100,3,East Asia & Pacific,High income
Singapore,SGP,2020,83.5439024390244,101518.31798444,3492.35986328,100,1.9,East Asia & Pacific,High income
Singapore,SGP,2010,81.5414634146342,75400.5557984177,1510.66784668,100,2.2,East Asia & Pacific,High income
Sint Maarten (Dutch part),SXM,2010,74.821,37736.4056799196,NA,95.5944103351241,NA,Latin America & Caribbean,High income
Sint Maarten (Dutch part),SXM,2000,74.409,NA,NA,96.5385136863648,NA,Latin America & Caribbean,High income
Sint Maarten (Dutch part),SXM,2020,75.002,38901.4867603712,NA,NA,NA,Latin America & Caribbean,High income
Slovak Republic,SVK,2000,73.0512195121951,11367.5695884816,203.50627136,97.9808919581419,8.1,Europe & Central Asia,High income
Slovak Republic,SVK,2020,76.8658536585366,35327.9439165588,1393.62438965,99.7877013589871,4.9,Europe & Central Asia,High income
Slovak Republic,SVK,2010,75.1121951219512,25384.4911366354,1296.54284668,98.6223365999811,5.7,Europe & Central Asia,High income
Slovenia,SVN,2010,79.4219512195122,27582.4977417186,2017.14660645,99.5,2.6,Europe & Central Asia,High income
Slovenia,SVN,2000,75.4121951219512,17887.7797417869,796.64703369,99.5,4.5,Europe & Central Asia,High income
Slovenia,SVN,2020,80.5317073170732,41767.2579899957,2417.20874023,99.5,1.9,Europe & Central Asia,High income
Solomon Islands,SLB,2020,69.258,2405.30256166037,100.99560547,67.3010272697103,17.9,East Asia & Pacific,Lower middle income
Solomon Islands,SLB,2010,68.669,2182.21600810863,74.11127472,73.5032170030836,21.1,East Asia & Pacific,Lower middle income
Solomon Islands,SLB,2000,67.116,1502.90089118674,46.02681351,78.684962029243,23.2,East Asia & Pacific,Lower middle income
South Africa,ZAF,2000,58.368,8095.29428867929,236.08114624,84.5774597478668,46.9,Sub-Saharan Africa,Upper middle income
South Africa,ZAF,2020,65.15,12671.0862436851,503.46759033,93.7647902920458,25,Sub-Saharan Africa,Upper middle income
South Africa,ZAF,2010,58.886,12637.2912226018,621.41906738,89.6075553818254,35.4,Sub-Saharan Africa,Upper middle income
South Sudan,SSD,2010,57.485,2948.0500149385,NA,NA,79,Sub-Saharan Africa,Low income
South Sudan,SSD,2000,47.591,NA,NA,NA,118.5,Sub-Saharan Africa,Low income
South Sudan,SSD,2020,57.648,NA,47.23431778,40.9509272897971,72.6,Sub-Saharan Africa,Low income
Spain,ESP,2000,78.9658536585366,21577.59731368,1005.28399658,99.9999985042948,4.4,Europe & Central Asia,High income
Spain,ESP,2020,82.2317073170732,39327.8479269599,2898.00537109,99.9256097637963,2.6,Europe & Central Asia,High income
Spain,ESP,2010,81.6268292682927,31808.2179879539,2789.63720703,99.9999967960088,3.2,Europe & Central Asia,High income
Sri Lanka,LKA,2010,74.463,8233.6266381136,105.07371521,85.7329214269344,9.1,South Asia,Lower middle income
Sri Lanka,LKA,2020,76.928,12940.9043295749,152.001297,88.6959543081265,6,South Asia,Lower middle income
Sri Lanka,LKA,2000,71.179,4367.80358982686,42.54893112,82.8471911815725,13,South Asia,Lower middle income
St. Kitts and Nevis,KNA,2010,71.452,23691.4477936151,866.84997559,98.5744787349444,16.1,Latin America & Caribbean,High income
St. Kitts and Nevis,KNA,2000,69.249,15256.4305904132,446.66659546,98.4498940767374,20.2,Latin America & Caribbean,High income
St. Kitts and Nevis,KNA,2020,71.181,27326.036057423,1067.96020508,NA,15.5,Latin America & Caribbean,High income
St. Lucia,LCA,2020,72.308,14912.159584235,577.55700684,96.8878381709089,14.8,Latin America & Caribbean,Upper middle income
St. Lucia,LCA,2010,72.768,12717.7865966902,438.23928833,93.3686760449828,16,Latin America & Caribbean,Upper middle income
St. Lucia,LCA,2000,70.779,9313.73279695482,285.84280396,90.3798695074755,15.9,Latin America & Caribbean,Upper middle income
St. Martin (French part),MAF,2000,76.793,NA,NA,100,NA,Latin America & Caribbean,High income
St. Martin (French part),MAF,2010,78.752,NA,NA,99.9983257913508,NA,Latin America & Caribbean,High income
St. Martin (French part),MAF,2020,80.085,NA,NA,99.9328785494532,NA,Latin America & Caribbean,High income
St. Vincent and the Grenadines,VCT,2020,69.605,15336.5987771764,406.3571167,NA,11.4,Latin America & Caribbean,Upper middle income
St. Vincent and the Grenadines,VCT,2010,70.66,10561.308030596,281.91867065,97.0465782663178,19.3,Latin America & Caribbean,Upper middle income
St. Vincent and the Grenadines,VCT,2000,70.35,6502.90023634218,149.9225769,95.4488747696246,19.5,Latin America & Caribbean,Upper middle income
Sudan,SDN,2000,58.946,2616.46459960938,13.99440765,44.6474372791814,70.8,Sub-Saharan Africa,Low income
Sudan,SDN,2010,62.979,3805.62744140625,73.60456848,51.4014783358851,54.5,Sub-Saharan Africa,Low income
Sudan,SDN,2020,65.124,3348.57836914063,22.17246819,62.7441109270103,42.8,Sub-Saharan Africa,Low income
Suriname,SUR,2020,72.321,16946.8942361914,453.44619751,97.9896320628805,16.6,Latin America & Caribbean,Upper middle income
Suriname,SUR,2000,64.409,7535.45294158294,166.90083313,89.0616560452077,27.3,Latin America & Caribbean,Upper middle income
Suriname,SUR,2010,69.626,13039.4491198099,399.59710693,93.536172790766,21.1,Latin America & Caribbean,Upper middle income
Sweden,SWE,2000,79.6439024390244,29629.8986478258,2173.1940918,99.4807523698333,3.4,Europe & Central Asia,High income
Sweden,SWE,2010,81.4512195121951,41956.1290051562,4416.14550781,99.6075336874398,2.5,Europe & Central Asia,High income
Sweden,SWE,2020,82.3560975609756,57489.2657196219,6003.09375,99.7280724118451,2.1,Europe & Central Asia,High income
Switzerland,CHE,2020,83,72997.8239503282,10348.34667969,99.9999976034203,3.5,Europe & Central Asia,High income
Switzerland,CHE,2000,79.6804878048781,36695.2070554187,3559.81982422,99.9999994425128,4.7,Europe & Central Asia,High income
Switzerland,CHE,2010,82.2463414634147,54432.332994981,7695.68798828,99.9999976280164,3.9,Europe & Central Asia,High income
Syrian Arab Republic,SYR,2000,70.856,NA,53.47885895,91.5974061680561,20.8,Middle East & North Africa,Low income
Syrian Arab Republic,SYR,2010,73.542,NA,88.11807251,92.9524433461335,17.6,Middle East & North Africa,Low income
Syrian Arab Republic,SYR,2020,71.944,3737.65751831376,30.63546944,94.0036367979491,20.4,Middle East & North Africa,Low income
Tajikistan,TJK,2020,68.605,3653.95976759112,74.17329407,81.8524176009632,23.2,Europe & Central Asia,Lower middle income
Tajikistan,TJK,2000,63.542,1036.12988868059,5.90626955,56.5062298278567,62.2,Europe & Central Asia,Lower middle income
Tajikistan,TJK,2010,68.37,2291.07823631732,42.28567886,69.4719693561623,29.9,Europe & Central Asia,Lower middle income
Tanzania,TZA,2000,53.244,1163.64367675781,12.33031845,28.6664217644613,85.3,Sub-Saharan Africa,Lower middle income
Tanzania,TZA,2010,61.127,2069.40185546875,37.18493271,43.4584432103437,48.5,Sub-Saharan Africa,Lower middle income
Tanzania,TZA,2020,66.771,3290.60986328125,31.72098923,57.9702655871505,33.5,Sub-Saharan Africa,Lower middle income
Thailand,THA,2000,71.205,7289.10499432356,62.21043015,94.1153642465379,18.5,East Asia & Pacific,Upper middle income
Thailand,THA,2020,77.331,19163.7415152349,304.3817749,100,8.8,East Asia & Pacific,Upper middle income
Thailand,THA,2010,75.012,12932.2633444457,168.61891174,97.5434253160748,12.2,East Asia & Pacific,Upper middle income
Timor-Leste,TLS,2010,63.66,1955.32969499557,52.6151619,63.7399168882932,52.1,East Asia & Pacific,Lower middle income
Timor-Leste,TLS,2000,58.097,1483.17000112853,NA,NA,83.9,East Asia & Pacific,Lower middle income
Timor-Leste,TLS,2020,66.919,6132.08299806495,118.49451447,83.9742220966015,38.9,East Asia & Pacific,Lower middle income
Togo,TGO,2000,54.577,1314.73715657784,10.63639355,45.4372036960573,70.8,Sub-Saharan Africa,Low income
Togo,TGO,2020,61.123,2356.75859666213,52.75213242,68.8910592142641,39.1,Sub-Saharan Africa,Low income
Togo,TGO,2010,57.227,1537.0546089113,30.54597664,57.618438906145,53,Sub-Saharan Africa,Low income
Tonga,TON,2000,69.635,3833.92767581697,53.3949585,98.142789835481,13.8,East Asia & Pacific,Upper middle income
Tonga,TON,2020,72.379,6689.85928964051,256.30737305,98.7374596276458,8.7,East Asia & Pacific,Upper middle income
Tonga,TON,2010,71.319,4465.46050009263,166.58139038,98.3663324700148,10.6,East Asia & Pacific,Upper middle income
Trinidad and Tobago,TTO,2010,71.809,30778.3127370297,825.16088867,95.7791624610893,22.3,Latin America & Caribbean,High income
Trinidad and Tobago,TTO,2000,68.629,13953.1361523366,266.16275024,92.204244926856,26.1,Latin America & Caribbean,High income
Trinidad and Tobago,TTO,2020,72.645,26862.9417710355,1051.83642578,98.8751707692306,18.6,Latin America & Caribbean,High income
Tunisia,TUN,2000,72.604,6278.98680881057,111.01378632,89.0557231259084,23.9,Middle East & North Africa,Lower middle income
Tunisia,TUN,2020,75.004,11918.066205483,250.46203613,96.6926617389598,13.5,Middle East & North Africa,Lower middle income
Tunisia,TUN,2010,74.438,10555.0887033221,240.75447083,91.9309126089078,16.7,Middle East & North Africa,Lower middle income
Turkiye,TUR,2010,74.964,17343.6771298998,531.82861328,95.4113237133487,14.7,Europe & Central Asia,Upper middle income
Turkiye,TUR,2000,71.931,9308.41965620447,192.8344574,93.5641620053584,30.8,Europe & Central Asia,Upper middle income
Turkiye,TUR,2020,76.525,28680.2006288764,386.2593689,97.0142665969339,8.7,Europe & Central Asia,Upper middle income
Turkmenistan,TKM,2000,64.931,4208.66515457033,75.52490234,87.1464018570597,58.3,Europe & Central Asia,Upper middle income
Turkmenistan,TKM,2010,68.608,8971.61628736812,202.7792511,94.1442613426846,34.9,Europe & Central Asia,Upper middle income
Turkmenistan,TKM,2020,68.846,15090.9394971778,420.0083313,100,33.2,Europe & Central Asia,Upper middle income
Turks and Caicos Islands,TCA,2010,76.784,22316.4440292076,NA,NA,5.5,Latin America & Caribbean,High income
Turks and Caicos Islands,TCA,2020,77.499,19530.0254075613,NA,98.7705697805465,4.3,Latin America & Caribbean,High income
Turks and Caicos Islands,TCA,2000,73.972,NA,NA,NA,7.9,Latin America & Caribbean,High income
Tuvalu,TUV,2000,63.536,2597.25208316056,351.92758179,98.8075336653222,35.8,East Asia & Pacific,Upper middle income
Tuvalu,TUV,2010,64.834,2945.12892457303,465.0112915,99.0261043165722,26.7,East Asia & Pacific,Upper middle income
Tuvalu,TUV,2020,66.357,5122.19827984698,923.06542969,99.2182358260955,18.8,East Asia & Pacific,Upper middle income
Uganda,UGA,2010,59.959,2091.55963145331,51.88574982,40.229957437106,49.5,Sub-Saharan Africa,Low income
Uganda,UGA,2020,66.41,2532.21950102069,44.733818050000004,55.9611032232523,30.6,Sub-Saharan Africa,Low income
Uganda,UGA,2000,49.64,1124.20958232447,16.42591858,26.4169299289341,89.8,Sub-Saharan Africa,Low income
Ukraine,UKR,2000,67.786,4228.1162109375,34.62232971,98.1435324295566,17.6,Europe & Central Asia,Upper middle income
Ukraine,UKR,2010,70.188,8453.2998046875,199.49559021,94.916763036789,11.4,Europe & Central Asia,Upper middle income
Ukraine,UKR,2020,73.283,15541.02734375,265.07846069,93.5449854553326,8.1,Europe & Central Asia,Upper middle income
United Arab Emirates,ARE,2020,81.936,65352.8344182277,2154.41113281,100,4.7,Middle East & North Africa,High income
United Arab Emirates,ARE,2010,81.886,83670.9093739164,1619.98864746,99.810795681157,7,Middle East & North Africa,High income
United Arab Emirates,ARE,2000,76.347,91317.6283656904,706.03112793,99.6158329815122,8.5,Middle East & North Africa,High income
United Kingdom,GBR,2000,77.7414634146342,26529.8521734351,2027.64416504,100,5.5,Europe & Central Asia,High income
United Kingdom,GBR,2010,80.4024390243902,36487.6718531875,3892.38012695,100,4.4,Europe & Central Asia,High income
United Kingdom,GBR,2020,80.331756097561,48230.0477027461,4816.15283203,100,3.9,Europe & Central Asia,High income
United States,USA,2020,76.9804878048781,64401.5074354209,11672.77050781,99.8204215151458,5.5,North America,High income
United States,USA,2010,78.5414634146342,48642.6312088213,7836.08837891,99.0106461132278,6.2,North America,High income
United States,USA,2000,76.6365853658537,36329.9702595751,4548.5546875,NA,7.1,North America,High income
Uruguay,URY,2000,74.693,10929.3002607587,699.20495605,96.979327450984,14.7,Latin America & Caribbean,High income
Uruguay,URY,2010,76.691,17872.5369682924,1043.26000977,98.3929293447382,9.2,Latin America & Caribbean,High income
Uruguay,URY,2020,78.381,25725.258216942,1432.00463867,99.4957570735158,6,Latin America & Caribbean,High income
Uzbekistan,UZB,2000,65.456,2644.26354163536,35.72119904,87.3126001661737,55.1,Europe & Central Asia,Lower middle income
Uzbekistan,UZB,2010,69.836,5504.8563793137,92.87456512,92.0192250304465,27.9,Europe & Central Asia,Lower middle income
Uzbekistan,UZB,2020,71.461,8451.72505108114,120.29019165,95.9578093461551,14.2,Europe & Central Asia,Lower middle income
Vanuatu,VUT,2000,68.586,2206.10240356774,48.28763199,83.3770902301555,21.4,East Asia & Pacific,Lower middle income
Vanuatu,VUT,2010,69.57,2733.45922588718,99.27953339,86.2630726639574,17.3,East Asia & Pacific,Lower middle income
Vanuatu,VUT,2020,70.385,3117.64425292038,125.41011047,90.4890274363613,14.8,East Asia & Pacific,Lower middle income
"Venezuela, RB",VEN,2000,72.388,11577.1299709909,NA,97.2276979084936,17.5,Latin America & Caribbean,Not classified
"Venezuela, RB",VEN,2010,73.092,16527.7394080967,NA,95.4567493089194,14.5,Latin America & Caribbean,Not classified
"Venezuela, RB",VEN,2020,72.369,NA,153.24269104,93.6858007093452,21.5,Latin America & Caribbean,Not classified
Viet Nam,VNM,2000,72.746,2614.11840366563,21.0719223,80.5796711166033,21.7,East Asia & Pacific,Lower middle income
Viet Nam,VNM,2010,73.611,5389.21956993674,85.36088562,88.8442328441126,16.5,East Asia & Pacific,Lower middle income
Viet Nam,VNM,2020,75.383,11609.3177276423,153.10160828,96.6670224746456,14.7,East Asia & Pacific,Lower middle income
Virgin Islands (U.S.),VIR,2000,76.619512195122,NA,NA,98.7183543814679,NA,Latin America & Caribbean,High income
Virgin Islands (U.S.),VIR,2010,77.8658536585366,41607.5668567026,NA,98.7183000029683,NA,Latin America & Caribbean,High income
Virgin Islands (U.S.),VIR,2020,79.819512195122,41749.0800364553,NA,98.7182673758686,NA,Latin America & Caribbean,High income
West Bank and Gaza,PSE,2000,70.298,2782.51388482361,129.54533386,90.6478557621416,26.4,Middle East & North Africa,Lower middle income
West Bank and Gaza,PSE,2010,73.302,4120.86066344952,219.44699097,94.6484012106018,19,Middle East & North Africa,Lower middle income
West Bank and Gaza,PSE,2020,74.998,5956.28620064819,314.82254028,97.8804019584454,13.2,Middle East & North Africa,Lower middle income
"Yemen, Rep.",YEM,2000,62.761,2623.61531886105,22.91244888,40.8790698589101,75.9,Middle East & North Africa,Low income
"Yemen, Rep.",YEM,2010,67.223,3603.03505648202,59.60072327,50.5280111204662,46.6,Middle East & North Africa,Low income
"Yemen, Rep.",YEM,2020,66.435,NA,32.30203629,60.6635717973584,37.4,Middle East & North Africa,Low income
Zambia,ZMB,2000,46.577,1708.51552615927,15.00134468,47.0029309702879,89.4,Sub-Saharan Africa,Lower middle income
Zambia,ZMB,2010,56.896,3097.66400499243,57.67263412,57.758155891623,49,Sub-Saharan Africa,Lower middle income
Zambia,ZMB,2020,63.361,3157.30009311643,60.01779938,67.8240040188064,34.5,Sub-Saharan Africa,Lower middle income
Zimbabwe,ZWE,2000,46.034,2243.17630615662,NA,71.8693891831637,59.3,Sub-Saharan Africa,Lower middle income
Zimbabwe,ZWE,2010,51.925,1740.94575434279,94.44809723,67.5407111937773,67.6,Sub-Saharan Africa,Lower middle income
Zimbabwe,ZWE,2020,61.53,3510.67604016744,51.14250565,62.6664561104324,44.9,Sub-Saharan Africa,Lower middle income
